{
  "radius": 0.4,
  "tau": 0.6,
  "k_cap": null,
  "mae": 0.26959891122005886,
  "rmse": 0.3978663093305733,
  "r2": 0.9561430389131339,
  "n_preds": 73
}