nbits,RaRF_mae
512,"[0.22808928571428685, 0.24046126090667116, 0.23671663773131663, 0.259633681900292, 0.2686621910775681, 0.27473123785651204, 0.2706224000808934, 0.2777269666064532, 0.27719715690702035]"
1028,"[0.23892581953071196, 0.23985127567802608, 0.2494739992428207, 0.26017621932481544, 0.27455570186282535, 0.27300085282297637, 0.27261138441467253, 0.2891841674155377, 0.2786367044979378]"
2048,"[0.2278222402597411, 0.24050163642838676, 0.25313125250146706, 0.26319420716270076, 0.2623328012873737, 0.2694170813889307, 0.274241827039019, 0.2801470212626037, 0.27329079125973005]"
4096,"[0.23431009070294886, 0.2320603837029266, 0.24928027606124076, 0.2724950926014627, 0.255744881815293, 0.2638977409842823, 0.27086410775677927, 0.2727078883174756, 0.26942522847076045]"