Radius,RaRFMAE,NaNs,Neighbours,Control
0.1,0.22851829,51,0.009495641,0.271270368
0.2,0.235515309,13,0.018550228,0.271270368
0.3,0.251021812,3,0.033170254,0.271270368
0.4,0.261692304,0,0.05193282,0.271270368
0.5,0.268482412,0,0.074263464,0.271270368
0.6,0.27309739,0,0.124601239,0.271270368
0.7,0.276169693,0,0.203462188,0.271270368
0.8,0.269460609,0,0.393319572,0.271270368
0.9,0.277129846,0,0.798226684,0.271270368