Radius,MAE,NaNs,Avg Neighbours
0,0.12422225,63,3.3
6,0.253195839,4,15.42028986
11,0.294430175,0,38.30136986
16,0.270249477,0,116.2739726
21,0.267640589,0,152.9452055
26,0.302063821,0,225.1917808
31,0.321689087,0,281.9452055
36,0.30755778,0,289.260274
41,0.31853416,0,290.4794521
46,0.319859909,0,292