Radius,RaRFMAE,NaNs,Neighbours,Control
0.1,0.195505101,20,0.027529762,0.23
0.2,0.25721849,3,0.070138889,0.23
0.3,0.239844844,0,0.134982639,0.23
0.4,0.233870872,0,0.198133681,0.23
0.5,0.236608717,0,0.238389757,0.23
0.6,0.224819751,0,0.298719618,0.23
0.7,0.232382563,0,0.515299479,0.23
0.8,0.229779525,0,0.826822917,0.23
0.9,0.226104133,0,1,0.23