Radius,RaRFMAE,NaNs,Neighbours,Control
0.1,0.121188882,53,0.009382716,0.212924155
0.2,0.192526935,33,0.012910053,0.212924155
0.3,0.224914511,12,0.02010582,0.212924155
0.4,0.242848954,3,0.033789174,0.212924155
0.5,0.231767686,0,0.048910675,0.212924155
0.6,0.23140816,0,0.07369281,0.212924155
0.7,0.259363648,0,0.137091503,0.212924155
0.8,0.242900979,0,0.36416122,0.212924155
0.9,0.21107306,0,0.822276688,0.212924155