Radius,RaRFMAE,NaNs,Neighbours,Control
0.1,0.310707457,186,0.001302083,0.589251887
0.2,0.586665472,72,0.002202691,0.589251887
0.3,0.781276331,15,0.005348105,0.589251887
0.4,0.659611973,0,0.01369222,0.589251887
0.5,0.581612077,0,0.038289388,0.589251887
0.6,0.601408599,0,0.109144423,0.589251887
0.7,0.609660263,0,0.294528537,0.589251887
0.8,0.604582728,0,0.580919054,0.589251887
0.9,0.600006411,0,0.943108453,0.589251887