Radius,RaRFMAE,NaNs,Neighbours,Control
0.1,0.337376843,200,0.003309123,0.36
0.2,0.341827635,29,0.006160982,0.36
0.3,0.344483118,5,0.011111111,0.36
0.4,0.357428721,2,0.018489072,0.36
0.5,0.35613983,0,0.036686153,0.36
0.6,0.357234119,0,0.082426257,0.36
0.7,0.355025054,0,0.186285536,0.36
0.8,0.357794754,0,0.331748917,0.36
0.9,0.355426719,0,0.834039854,0.36