Radius,RaRFMAE,NaNs,Neighbours,Control
0.1,0.269111285,0,0.00196983,0.31663392
0.2,0.306510563,0,0.005881038,0.31663392
0.3,0.297399458,0,0.009919922,0.31663392
0.4,0.31116773,0,0.01315684,0.31663392
0.5,0.319472056,0,0.018791418,0.31663392
0.6,0.319733061,0,0.037375365,0.31663392
0.7,0.316331173,0,0.100759497,0.31663392
0.8,0.317700406,0,0.230056369,0.31663392
0.9,0.314148061,0,0.834096479,0.31663392