Radius,RaRFMAE,NaNs,Neighbours,Control
0.1,0.406967449,1315,0.000365183,0.425726139
0.2,0.409252898,343,0.000761677,0.425726139
0.3,0.413911603,100,0.001613917,0.425726139
0.4,0.41965067,28,0.003931402,0.425726139
0.5,0.418502561,7,0.00929202,0.425726139
0.6,0.419553324,1,0.020997668,0.425726139
0.7,0.418359236,0,0.058950391,0.425726139
0.8,0.419775501,0,0.249675507,0.425726139
0.9,0.426065193,0,0.902875064,0.425726139