Radius,RaRFMAE,NaNs,Neighbours,Control
0.1,0.2319367,199,0.001526163,0.122344509
0.2,0.256426782,96,0.001944499,0.122344509
0.3,0.175200376,6,0.006470457,0.122344509
0.4,0.160364732,0,0.020010817,0.122344509
0.5,0.142254356,0,0.047220119,0.122344509
0.6,0.135627594,0,0.121822607,0.122344509
0.7,0.127788911,0,0.258810168,0.122344509
0.8,0.122337954,0,0.525840995,0.122344509
0.9,0.122353139,0,0.796722553,0.122344509