{
  "tau": 0.4,
  "budget_B": 80,
  "k_report": 5,
  "baseline_B": {
    "MAE": 0.30499630136986317,
    "RMSE": 0.41201879004780145,
    "R2": 0.9419158731718134,
    "UnionAchieved": 77,
    "%targets>=k": 72.6027397260274
  },
  "shared_B": {
    "MAE": 0.38606215753424655,
    "RMSE": 0.5300954866210489,
    "R2": 0.9038539086846082,
    "UnionAchieved": 80,
    "%targets>=k": 95.8904109589041
  },
  "delta": {
    "\u0394MAE_shared_minus_base": 0.08106585616438339,
    "\u0394%targets>=k_shared_minus_base": 23.287671232876704
  }
}