{
  "setup": "RaRF-Shared@B",
  "tau": 0.4,
  "k": 5,
  "budget": 80,
  "n_test": 73,
  "mae": 0.38606215753424655,
  "rmse": 0.5300954866210489,
  "r2": 0.9038539086846082,
  "union": 80,
  "pct_targets_ge_k": 95.8904109589041
}