{
  "setup": "Baseline-B",
  "tau": 0.4,
  "k": 5,
  "budget": 80,
  "n_test": 73,
  "mae": 0.30499630136986317,
  "rmse": 0.41201879004780145,
  "r2": 0.9419158731718134,
  "union": 77,
  "pct_targets_ge_k": 72.6027397260274
}