{
  "k": 5,
  "tau": 0.4,
  "baseline": {
    "MAE": 0.27787162100456625,
    "RMSE": 0.3825234796684262,
    "R2": 0.9499343780453098,
    "Union": 171
  },
  "shared": {
    "MAE": 0.3709034360730593,
    "RMSE": 0.5191123835766027,
    "R2": 0.9077967565307332,
    "Union": 84
  },
  "delta": {
    "\u0394MAE_shared_minus_base": 0.09303181506849306,
    "Union_ratio_base_over_shared": 2.0357142857142856
  }
}