{
  "setup": "Baseline-k",
  "tau": 0.4,
  "k": 5,
  "n_test": 73,
  "mae": 0.27787162100456625,
  "rmse": 0.3825234796684262,
  "r2": 0.9499343780453098,
  "union": 171,
  "mean_neighbors_per_target": 5.0
}